GeneName	utr	snv	ptr
HBB	ACATTTGCTTCTGACACAACTGTGTTCACTAGCAACCTCAAACAGACACC	ACATTTGCTTCTGACACAACTATGTTCACTAGCAACCTCAAACAGACACC	27
PRKAR1A	GATTGGCTGCGGCCAGGCCGTTTCCGGTGGAGCTGTCGCCTAGCCGCTATCGCAGAGTGGAGCGGGGCTGGGAGCAAAGCGCTGAGGGAGCTCGGTACGCCGCCGCCTCGCACCCGCAGCCTCGCGCCCGCCGCCGCCCGTCCCCAGAGAACC	GATTGGCTGCGGCCAGGCCGTTTCCGGTGGAGCTGTCGCCTAGCCGCTATCGCAGAATGGAGCGGGGCTGGGAGCAAAGCGCTGAGGGAGCTCGGTACGCCGCCGCCTCGCACCCGCAGCCTCGCGCCCGCCGCCGCCCGTCCCCAGAGAACC	5
IRF6	GAGCTCGGCGCACCTGGGCTGGGCAGGTAAGGGCTGGTGCGGGACGGGGAGAGGAACCTGCAGTCCCTACTTGGGTAGAGCCAGGCGCCCCTTGGCTAAGACGTCGAGGAGCGTGGTAGCGACGGGTGATCTTCGCTGCGGACTTGGTTCGGAGGGACGTCCGCTTCTGGTGGACAGATTGAGCAAAGAATCTTTGAGCGGTCAAGGGAAAGACAAGCCGACTCTTCAGATCCCTGTGGACACACTGCCTGCTCTTCCATATC	GAGCTCGGCGCACCTGGGCTGGGCAGGTAAGGGCTGGTGCGGGACGGGGAGAGGAACCTGCAGTCCCTACTTGGGTAGAGCCAGGCGCCCCTTGGCTAAGACGTCGAGGAGCGTGGTAGCGACGGGTGATCTTCGCTGCGGACTTGGTTCGGAGGGACGTCCGCTTCTGGTGGACAGATTGAGCAAAGAATCTTTGAGCGGTCAAGGGAAAGACATGCCGACTCTTCAGATCCCTGTGGACACACTGCCTGCTCTTCCATATC	5
SRY	GTTGAGGGGGTGTTGAGGGCGGAGAAATGCAAGTTTCATTACAAAAGTTAACGTAACAAAGAATCTGGTAGAAGTGAGTTTTGGATAGTAAAATAAGTTTCGAACTCTGGCACCTTTCAATTTTGTCGCACTCTCCTTGTTTTTGACA	GTTGAGGGGGTGTTGAGGGCGGAGAAATGCAAGTTTCATTACAAAAGTTAACGTAACAAAGAATCTGGTAGAAATGAGTTTTGGATAGTAAAATAAGTTTCGAACTCTGGCACCTTTCAATTTTGTCGCACTCTCCTTGTTTTTGACA	1
SPINK1	AGCCCAGTAGGTGGGGCCTTGCTGCCATCTGCCATATGACCCTTCCAGTCCCAGGCTTCTGAAGAGACGTGGTAAGTGCGGTGCAGTTTTCAACTGACCTCTGGACGCAGAACTTCAGCC	AGCCCAGTAGGTGGGGCCTTGCTGCCATCTGCCATATGACCCTTCCAGTCCCAGGCTTCTGAAGAGATGTGGTAAGTGCGGTGCAGTTTTCAACTGACCTCTGGACGCAGAACTTCAGCC	0
CDKN2A	CCCAACCTGGGGCGACTTCAGGGGTGCCACATTCGCTAAGTGCTCGGAGTTAATAGCACCTCCTCCGAGCACTCGCTCACGGCGTCCCCTTGCCTGGAAAGATACCGCGGTCCCTCCAGAGGATTTGAGGGACAGGGTCGGAGGGGGCTCTTCCGCCAGCACCGGAGGAAGAAAGAGGAGGGGCTGGCTGGTCACCAGAGGGTGGGGCGGACCGCGTGCGCTCGGCGGCTGCGGAGAGGGGGAGAGCAGGCAGCGGGCGGCGGGGAGCAGC	CCCAACCTGGGGCGACTTCAGGGGTGCCACATTCGCTAAGTGCTCGGAGTTAATAGCACCTCCTCCGAGCACTCGCTCACGGCGTCCCCTTGCCTGGAAAGATACCGCGGTCCCTCCAGAGGATTTGAGGGACAGGGTCGGAGGGGGCTCTTCCGCCAGCACCGGAGGAAGAAAGAGGAGGGGCTGGCTGGTCACCAGAGGGTGGGGCGGACCGCGTGCGCTCGGCGGCTGCGGAGATGGGGAGAGCAGGCAGCGGGCGGCGGGGAGCAGC	0
TMEM127	AGTGCATCGGCCCCGGGTCTGTCCGGGCGTTGCGGGATTGGGGCCTGGGAACGCTCGGCCCCCGGCAGCCGAGAAGCCCGTGACTGGGCTGAGCAGCACCATCCCAGCCCTGGGGCCTGCTGACTGCCCAGTCCCGGCTTCACCTGCAGCGAACCCGGAGCGTTGCTATCCTCCACCGGACTGTCAGGCTCTGCGCGCCCCGCGGAGGTCGGCGGCGACCAGCAGCGACTGCGGAGCGACGGCGGGCGGCCCCGGGC	AGTGCATCGGCCCCGGGTCTGTCCGGGCGTTGCGGGATTGGGGCCTGGGAACGCTCGGCCCCCGGCAGCCGAGAAGCCCGTGACTGGGCTGAGCAGCACCATCCCAGCCCTGGGGCCTGCTGACTGCCCAGTCCCGGCTTCACCTGCAGCGAACCCGGAGCGTTGCTATCCTCCACCGGACTGTCAGGCTCTGCGCGCCCCGCGGAGGTCGGCGGCGACCAGCAGCGACTGCGGAGCGATGGCGGGCGGCCCCGGGC	0
RPL5	CGCAAGGGCTGTGGCCCTTTTCCCACCCCCTAGCGCCGCTGGGCCTGCAGGTCTCTGTCGAGCAGCGGACGCCGGTCTCTGTTCCGCAGG	CGCAAGGGCTGTGGCCCTTTTCCCACCCCCTAGCGCCGCTGGGCATGCAGGTCTCTGTCGAGCAGCGGACGCCGGTCTCTGTTCCGCAGG	0
CPOX	CGCGCAGGGACGCCGCAGGCGGCGATAGGATCCGGACTACAGCTCCCAGCGCGCCCCAGTTCCCGCCCCCGCCTCCGGAGCCCGACGCTGCAGCGGCTCTTCTCGAAAGGTTCTTTCCGCCTGTGCAGCTCGCCGGCTCAATACTCCGGGGGTCTGGGTGGGGGGCTCAAACGCAGGGCTCTGGGACGCAGGCACTGCTCCAGGTGATAGTGCGGGAAC	CGCGCAGGGACGCCGCAGGCGGCGATAGGATCCGGACTACAGCTCCCAGCGCGCCCCAGTTCCCGCCCCCGCCTCCGGAGCCCGACGCTGCAGCGGCTCTTCTCGAAAGGTTCTTTCCGCCTGTGCAGCTCGCCGGCTCAATACTCCGGGGGTCTGGGTGGGGGGCTCAAACGCAGGGCTCTGGGACGCAGGCACTGCTCCAGGTGATAATGCGGGAAC	0
TWIST1	GAGGTATAAGAGCCTCCAAGTCTGCAGCTCTCGCCCAACTCCCAGACACCTCGCGGGCTCTGCAGCACCGGCACCGTTTCCAGGAGGCCTGGCGGGGTGTGCGTCCAGCCGTTGGGCGCTTTCTTTTTGGACCTCGGGGCCATCCACACCGTCCCCTCCCCCTCCCGCCTCCCTCCCCGCCTCCCCCGCGCGCCCTCCCCGCGGAGGTCCCTCCCGTCCGTCCTCCTGCTCTCTCCTCCGCGGGCCGCATCGCCCGGGCCGGCGCCGCGCGCGGGGGAAGCTGGCGGGCTGAGGCGCCCCGCTCTTCTCCTCTGCCCCGGGCCCGCGAGGCCACGCGTCGCCGCTCGAGAG	GAGGTATAAGAGCCTCCAAGTCTGCAGCTCTCGCCCAACTCCCAGACACCTCGCGGGCTCTGCAGCACCGCACCGTTTCCAGGAGGCATGGCGGGGTGTGCGTCCAGCCGTTGGGCGCTTTCTTTTTGGACCTCGGGGCCATCCACACCGTCCCCTCCCCCTCCCGCCTCCCTCCCCGCCTCCCCCGCGCGCCCTCCCCGCGGAGGTCCCTCCCGTCCGTCCTCCTGCTCTCTCCTCCGCGGGCCGCATCGCCCGGGCCGGCGCCGCGCGCGGGGGAAGCTGGCGGGCTGAGGCGCCCCGCTCTTCTCCTCTGCCCCGGGCCCGCGAGGCCACGCGTCGCCGCTCGAGAG	0